row_id,split
0,train
1,train
2,train
3,train
4,train
5,train
6,train
7,train
8,train
9,test
10,train
11,train
12,train
13,train
14,train
15,train
16,train
17,train
18,train
19,train
20,train
21,test
22,train
23,test
24,test
25,train
26,test
27,test
28,test
29,train
30,train
31,train
32,train
33,train
34,train
35,test
36,train
37,train
38,train
39,train
40,test
41,train
42,train
43,test
44,train
45,train
46,train
47,train
48,train
49,train
50,train
51,train
52,train
53,train
54,train
55,test
56,train
57,train
58,train
59,train
60,train
61,train
62,test
63,train
64,test
65,train
66,train
67,train
68,test
69,train
70,test
71,train
72,train
73,train
74,test
75,train
76,train
77,train
78,test
79,train
80,train
81,train
82,train
83,train
84,train
85,train
86,train
87,train
88,train
89,test
90,train
91,train
92,train
93,train
94,train
95,train
96,train
97,test
98,train
99,train
100,train
101,train
102,test
103,train
104,train
105,train
106,test
107,train
108,train
109,test
110,train
111,train
112,train
113,test
114,train
115,train
116,train
117,train
118,train
119,train
120,train
121,train
122,train
123,train
124,train
125,train
126,train
127,test
128,train
129,train
130,train
131,train
132,train
133,train
134,train
135,train
136,train
137,train
138,train
139,train
140,train
141,train
142,train
143,train
144,train
145,train
146,train
147,train
148,train
149,train
150,test
151,train
152,train
153,train
154,train
155,train
156,train
157,train
158,train
159,train
160,train
161,train
162,train
163,train
164,train
165,train
166,test
167,train
168,test
169,train
170,train
171,train
172,test
173,train
174,test
175,train
176,test
177,train
178,train
179,test
180,train
181,test
182,train
183,train
184,train
185,train
186,train
187,train
188,train
189,test
190,test
191,test
192,train
193,test
194,test
195,train
196,train
197,train
198,train
199,train
200,train
201,train
202,train
203,train
204,train
205,train
206,train
207,train
208,train
209,test
210,train
211,test
212,train
213,train
214,test
215,train
216,train
217,train
218,train
219,train
220,test
221,train
222,train
223,train
224,train
225,train
226,test
227,train
228,test
229,train
230,train
231,train
232,train
233,train
234,train
235,test
236,test
237,test
238,train
239,train
240,train
241,train
242,train
243,train
244,train
245,train
246,train
247,train
248,train
249,train
250,train
251,train
252,train
253,train
254,train
255,train
256,test
257,train
258,train
259,train
260,train
261,train
262,train
263,test
264,train
265,train
266,train
267,train
268,train
269,train
270,train
271,train
272,train
273,train
274,train
275,train
276,test
277,train
278,test
279,train
280,test
281,train
282,train
283,train
284,train
285,train
286,test
287,train
288,train
289,train
290,train
291,train
292,test
293,test
294,test
295,train
296,train
297,train
298,train
299,train
300,train
301,test
302,train
303,train
304,train
305,train
306,test
307,test
308,test
309,train
310,train
311,train
312,train
313,train
314,train
315,train
316,test
317,train
318,train
319,train
320,train
321,train
322,train
323,train
324,test
325,train
326,test
327,train
328,test
329,train
330,train
331,train
332,train
333,train
334,train
335,train
336,train
337,train
338,test
339,test
340,test
341,train
342,train
343,train
344,train
345,train
346,train
347,train
348,train
349,test
350,train
351,train
352,train
353,train
354,train
355,train
356,train
357,train
358,train
359,train
360,train
361,train
362,train
363,test
364,train
365,train
366,test
367,train
368,train
369,train
370,train
371,train
372,test
373,train
374,train
375,train
376,train
377,train
378,train
379,train
380,train
381,train
382,train
383,test
384,test
385,test
386,train
387,train
388,train
389,train
390,train
391,train
392,train
393,train
394,train
395,test
396,train
397,train
398,test
399,train
400,train
401,train
402,train
403,train
404,train
405,train
406,train
407,train
408,test
409,train
410,train
411,train
412,test
413,train
414,train
415,train
416,train
417,test
418,train
419,train
420,train
421,train
422,test
423,train
424,train
425,train
426,train
427,train
428,test
429,train
430,train
431,test
432,test
433,test
434,test
435,train
436,test
437,test
438,train
439,test
440,train
441,train
442,train
443,train
444,train
445,train
446,train
447,test
448,train
449,train
450,test
451,train
452,test
453,train
454,test
455,test
456,train
457,train
458,train
459,train
460,train
461,train
462,train
463,train
464,train
465,train
466,train
467,test
468,train
469,train
470,train
471,train
472,train
473,test
474,train
475,train
476,test
477,test
478,train
479,test
480,train
481,train
482,train
483,train
484,test
485,test
486,train
487,train
488,train
489,test
490,train
491,train
492,train
493,train
494,train
495,train
496,train
497,test
498,train
499,train
500,train
501,test
502,train
503,train
504,train
505,train
506,train
507,train
508,train
509,train
510,train
511,train
512,train
513,train
514,train
515,train
516,train
517,train
518,train
519,train
520,test
521,train
522,test
523,test
524,train
525,train
526,test
527,train
528,train
529,test
530,test
531,train
532,train
533,train
534,train
535,train
536,test
537,train
538,train
539,train
540,train
541,train
542,train
543,train
544,train
545,train
546,train
547,train
548,train
549,train
550,train
551,train
552,train
553,train
554,train
555,train
556,train
557,train
558,test
559,train
560,train
561,train
562,train
563,train
564,test
565,test
566,train
567,train
568,test
569,train
570,train
571,train
572,train
573,train
574,train
575,train
576,train
577,train
578,train
579,train
580,test
581,train
582,train
583,train
584,train
585,train
586,train
587,train
588,train
589,test
590,test
591,train
592,train
593,train
594,train
595,train
596,train
597,train
598,train
599,train
600,train
601,test
602,train
603,test
604,train
605,train
606,train
607,train
608,train
609,train
610,train
611,train
612,test
613,train
614,train
615,train
616,train
617,train
618,train
619,train
620,train
621,test
622,test
623,train
624,test
625,train
626,train
627,train
628,train
629,train
630,train
631,test
632,train
633,train
634,train
635,train
636,train
637,test
638,train
639,train
640,train
641,train
642,test
643,train
644,train
645,train
646,train
647,train
648,train
649,train
650,train
651,train
652,train
653,train
654,train
655,train
656,train
657,test
658,train
659,test
660,train
661,train
662,train
663,train
664,train
665,train
666,train
667,test
668,train
669,test
670,train
671,train
672,train
673,test
674,train
675,train
676,train
677,train
678,train
679,train
680,train
681,train
682,train
683,train
684,train
685,train
686,train
687,train
688,train
689,train
690,train
691,train
692,train
693,train
694,train
695,train
696,train
697,train
698,test
699,test
700,train
701,train
702,test
703,train
704,train
705,test
706,train
707,test
708,train
709,train
710,train
711,train
712,train
713,train
714,train
715,test
716,train
717,train
718,train
719,train
720,train
721,train
722,train
723,test
724,test
725,train
726,test
727,test
728,train
729,train
730,train
731,test
732,test
733,train
734,train
735,train
736,train
737,train
738,train
739,train
740,train
741,train
742,train
743,train
744,test
745,train
746,train
747,test
748,train
749,train
750,train
751,train
752,train
753,train
754,train
755,train
756,train
757,train
758,train
759,train
760,train
761,test
762,train
763,test
764,test
765,train
766,train
767,train
768,train
769,train
770,train
771,train
772,train
773,train
774,train
775,train
776,train
777,train
778,train
779,train
780,train
781,train
782,train
783,test
784,train
785,train
786,test
787,test
788,train
789,train
790,train
791,test
792,train
793,train
794,train
795,train
796,test
797,train
798,train
799,train
800,test
801,train
802,train
803,test
804,train
805,train
806,train
807,train
808,train
809,train
810,train
811,train
812,train
813,train
814,train
815,train
816,train
817,train
818,train
819,train
820,train
821,train
822,train
823,train
824,train
825,train
826,train
827,train
828,train
829,train
830,train
831,train
832,train
833,train
834,train
835,test
836,test
837,test
838,test
839,train
840,train
841,train
842,train
843,train
844,train
845,train
846,train
847,train
848,train
849,test
850,train
851,train
852,train
853,train
854,train
855,train
856,train
857,test
858,train
859,train
860,train
861,test
862,train
863,train
864,train
865,train
866,test
867,train
868,test
869,train
870,train
871,train
872,train
873,train
874,train
875,train
876,train
877,train
878,test
879,train
880,train
881,train
882,train
883,train
884,train
885,train
886,train
887,train
888,train
889,train
890,train
891,test
892,train
893,test
894,test
895,train
896,train
897,train
898,train
899,test
900,train
901,train
902,train
903,train
904,test
905,train
906,train
907,train
908,train
909,train
910,train
911,train
912,train
913,train
914,train
915,train
916,train
917,train
918,train
919,train
920,train
921,train
922,train
923,train
924,train
925,train
926,train
927,train
928,test
929,train
930,train
931,test
932,train
933,train
934,train
935,train
936,train
937,train
938,train
939,test
940,train
941,train
942,train
943,train
944,train
945,test
946,train
947,train
948,train
949,test
950,train
951,train
952,train
953,train
954,train
955,train
956,train
957,train
958,train
959,train
960,test
961,train
962,test
963,train
964,train
965,test
966,train
967,train
968,train
969,train
970,test
971,train
972,train
973,test
974,test
975,train
976,train
977,test
978,train
979,train
980,train
981,train
982,train
983,train
984,test
985,train
986,train
987,train
988,test
989,test
990,train
991,test
992,train
993,train
994,train
995,train
996,train
997,test
998,test
999,test
1000,test
1001,test
1002,train
1003,train
1004,train
1005,train
1006,train
1007,train
1008,train
1009,test
1010,test
1011,train
1012,train
1013,train
1014,train
1015,train
1016,train
1017,train
1018,train
1019,train
1020,train
1021,train
1022,train
1023,train
1024,test
1025,train
1026,train
1027,train
1028,test
1029,train
1030,train
1031,train
1032,train
1033,train
1034,train
1035,train
1036,test
1037,train
1038,test
1039,train
1040,train
1041,train
1042,train
1043,test
1044,train
1045,train
1046,test
1047,train
1048,train
1049,train
1050,train
1051,train
1052,train
1053,test
1054,train
1055,train
1056,train
1057,train
1058,train
1059,train
1060,train
1061,test
1062,train
1063,train
1064,train
1065,train
1066,train
1067,train
1068,train
1069,train
1070,train
1071,train
1072,train
1073,train
1074,train
1075,train
1076,train
1077,test
1078,train
1079,test
1080,test
1081,test
1082,train
1083,train
1084,train
1085,train
1086,train
1087,train
1088,train
1089,train
1090,test
1091,test
1092,train
1093,train
1094,train
1095,train
1096,train
1097,train
1098,train
1099,train
1100,train
1101,train
1102,train
1103,train
1104,test
1105,test
1106,train
1107,train
1108,test
1109,test
1110,train
1111,test
1112,train
1113,train
1114,test
1115,train
1116,train
1117,train
1118,train
1119,train
1120,train
1121,test
1122,train
1123,test
1124,test
1125,test
1126,train
1127,train
1128,train
1129,train
1130,test
1131,train
1132,train
1133,train
1134,train
1135,train
1136,train
1137,train
1138,test
1139,test
1140,test
1141,train
1142,train
1143,train
1144,test
1145,train
1146,train
1147,train
1148,train
1149,test
1150,train
1151,train
1152,test
1153,train
1154,train
1155,train
1156,train
1157,train
1158,train
1159,train
1160,train
1161,train
1162,train
1163,train
1164,train
1165,train
1166,train
1167,train
1168,train
1169,train
1170,train
1171,test
1172,train
1173,train
1174,train
1175,train
1176,train
1177,test
1178,train
1179,train
1180,test
1181,train
1182,train
1183,train
1184,train
1185,train
1186,train
1187,train
1188,test
1189,train
1190,train
1191,train
1192,test
1193,train
1194,train
1195,train
1196,test
1197,train
1198,train
1199,test
1200,train
1201,train
1202,test
1203,train
1204,test
1205,train
1206,train
1207,train
1208,train
1209,test
1210,train
1211,train
1212,train
1213,test
1214,train
1215,train
1216,train
1217,train
1218,train
1219,test
1220,train
1221,train
1222,train
1223,train
1224,test
1225,train
1226,test
1227,train
1228,train
1229,train
1230,test
1231,train
1232,test
1233,train
1234,train
1235,test
1236,train
1237,test
1238,test
1239,train
1240,train
1241,train
1242,train
1243,train
1244,train
1245,train
1246,train
1247,train
1248,train
1249,train
1250,train
1251,train
1252,train
1253,train
1254,train
1255,train
1256,test
1257,train
1258,test
1259,train
1260,train
1261,train
1262,train
1263,train
1264,train
1265,train
1266,train
1267,train
1268,train
1269,train
1270,train
1271,train
1272,train
1273,train
1274,test
1275,train
1276,train
1277,train
1278,train
1279,train
1280,train
1281,test
1282,test
1283,test
1284,train
1285,train
1286,train
1287,train
1288,train
1289,train
1290,test
1291,test
1292,train
1293,train
1294,train
1295,train
1296,train
1297,train
1298,train
1299,train
1300,test
1301,train
1302,train
1303,train
1304,train
1305,train
1306,train
1307,train
1308,train
1309,test
1310,train
1311,train
1312,train
1313,train
1314,train
1315,train
1316,train
1317,train
1318,train
1319,train
1320,train
1321,train
1322,test
1323,train
1324,train
1325,test
1326,train
1327,train
1328,train
1329,train
1330,train
1331,train
1332,train
1333,test
1334,train
1335,train
1336,train
1337,train
1338,train
1339,train
1340,train
1341,train
1342,train
1343,train
1344,train
1345,train
1346,train
1347,train
1348,test
1349,train
1350,test
1351,train
1352,train
1353,test
1354,train
1355,test
1356,test
1357,test
1358,train
1359,test
1360,train
1361,train
1362,test
1363,train
1364,train
1365,train
1366,train
1367,train
1368,test
1369,train
1370,test
1371,train
1372,train
1373,train
1374,test
1375,test
1376,test
1377,train
1378,train
1379,train
1380,train
1381,train
1382,train
1383,train
1384,train
1385,train
1386,test
1387,train
1388,train
1389,train
1390,train
1391,test
1392,train
1393,train
1394,train
1395,train
1396,train
1397,test
1398,train
1399,train
1400,test
1401,train
1402,train
1403,train
1404,train
1405,test
1406,train
1407,train
1408,test
1409,test
1410,train
1411,train
1412,train
1413,test
1414,test
1415,train
1416,train
1417,train
1418,train
1419,train
1420,train
1421,train
1422,test
1423,train
1424,train
1425,train
1426,test
1427,train
1428,train
1429,train
1430,train
1431,train
1432,test
1433,train
1434,train
1435,train
1436,train
1437,test
1438,train
1439,test
1440,train
1441,train
1442,test
1443,train
1444,train
1445,test
1446,train
1447,train
1448,train
1449,test
1450,train
1451,test
1452,train
1453,train
1454,test
1455,test
1456,train
1457,train
1458,train
1459,train
1460,train
1461,test
1462,test
1463,train
1464,train
1465,train
1466,test
1467,train
1468,train
1469,test
1470,test
1471,train
1472,train
1473,test
1474,train
1475,train
1476,train
1477,train
1478,train
1479,train
1480,train
1481,test
1482,train
1483,train
1484,train
1485,train
1486,train
1487,test
1488,train
1489,train
1490,train
1491,train
1492,train
1493,train
1494,train
1495,train
1496,test
1497,train
1498,train
1499,train
1500,test
1501,train
1502,train
1503,train
1504,train
1505,train
1506,train
1507,train
1508,train
1509,train
1510,train
1511,train
1512,train
1513,train
1514,train
1515,train
1516,train
1517,train
1518,test
1519,train
1520,train
1521,train
1522,train
1523,train
1524,train
1525,test
1526,train
1527,train
1528,train
1529,train
1530,train
1531,train
1532,train
1533,train
1534,train
1535,test
1536,train
1537,train
1538,train
1539,train
1540,train
1541,train
1542,train
1543,train
1544,train
1545,train
1546,train
1547,train
1548,train
1549,train
1550,train
1551,train
1552,train
1553,train
1554,train
1555,train
1556,test
1557,train
1558,train
1559,train
1560,train
1561,train
1562,train
1563,train
1564,train
1565,train
1566,train
1567,train
1568,train
1569,train
1570,test
1571,train
1572,test
1573,train
1574,train
1575,train
1576,train
1577,train
1578,test
1579,train
1580,test
1581,train
1582,train
1583,train
1584,train
1585,train
1586,test
1587,train
1588,train
1589,train
1590,test
1591,train
1592,train
1593,train
1594,train
1595,train
1596,train
1597,test
1598,test
1599,test
1600,test
1601,train
1602,test
1603,train
1604,train
1605,test
1606,train
1607,test
1608,train
1609,train
1610,train
1611,train
1612,train
1613,test
1614,train
1615,train
1616,train
1617,train
1618,train
1619,test
1620,test
1621,test
1622,train
1623,test
1624,test
1625,train
1626,test
1627,train
1628,train
1629,train
1630,test
1631,train
1632,train
1633,test
1634,train
1635,train
1636,test
1637,train
1638,train
1639,train
1640,test
1641,test
1642,test
1643,train
1644,train
1645,train
1646,train
1647,train
1648,train
1649,train
1650,test
1651,test
1652,train
1653,train
1654,test
1655,test
1656,train
1657,test
1658,train
1659,train
1660,train
1661,test
1662,train
1663,train
1664,train
1665,train
1666,train
1667,test
1668,test
1669,train
1670,train
1671,test
1672,train
1673,train
1674,train
1675,train
1676,test
1677,train
1678,train
1679,train
1680,train
1681,test
1682,train
1683,train
1684,train
1685,train
1686,train
1687,test
1688,test
1689,train
1690,test
1691,train
1692,train
1693,train
1694,train
1695,train
1696,train
1697,train
1698,test
1699,train
1700,test
1701,test
1702,train
1703,train
1704,train
1705,train
1706,train
1707,test
1708,train
1709,train
1710,train
1711,train
1712,train
1713,train
1714,train
1715,train
1716,train
1717,train
1718,train
1719,train
1720,train
1721,train
1722,train
1723,train
1724,test
1725,train
1726,test
1727,test
1728,test
1729,train
1730,train
1731,train
1732,train
1733,test
1734,train
1735,train
1736,train
1737,train
1738,train
1739,test
1740,test
1741,train
1742,train
1743,test
1744,test
1745,train
1746,train
1747,train
1748,test
1749,train
1750,test
1751,train
1752,train
1753,train
1754,train
1755,train
1756,train
1757,train
1758,test
1759,train
1760,train
1761,test
1762,train
1763,test
1764,train
1765,train
1766,train
1767,train
1768,train
1769,train
1770,train
1771,train
1772,train
1773,test
1774,train
1775,train
1776,train
1777,train
1778,test
1779,train
1780,train
1781,train
1782,train
1783,test
1784,train
1785,train
1786,train
1787,train
1788,train
1789,train
1790,train
1791,train
1792,train
1793,test
1794,train
1795,train
1796,train
1797,test
1798,train
1799,train
1800,train
1801,train
1802,train
1803,train
1804,train
1805,train
1806,test
1807,train
1808,train
1809,train
1810,train
1811,train
1812,test
1813,train
1814,train
1815,train
1816,train
1817,train
1818,train
1819,test
1820,train
1821,test
1822,test
1823,train
1824,train
1825,train
1826,train
1827,test
1828,train
1829,test
1830,train
1831,train
1832,train
1833,train
1834,train
1835,train
1836,train
1837,train
1838,train
1839,train
1840,train
1841,train
1842,test
1843,train
1844,train
1845,test
1846,train
1847,train
1848,test
1849,train
1850,train
1851,train
1852,train
1853,train
1854,train
1855,train
1856,test
1857,test
1858,train
1859,test
1860,train
1861,train
1862,train
1863,test
1864,train
1865,train
1866,train
1867,train
1868,train
1869,test
1870,train
1871,train
1872,train
1873,test
1874,train
1875,train
1876,train
1877,train
1878,train
1879,train
1880,train
1881,train
1882,test
1883,train
1884,train
1885,train
1886,train
1887,test
1888,train
1889,test
1890,test
1891,train
1892,train
1893,test
1894,train
1895,train
1896,test
1897,train
1898,train
1899,train
1900,test
1901,test
1902,train
1903,train
1904,test
1905,train
1906,train
1907,train
1908,train
1909,train
1910,train
1911,test
1912,train
1913,test
1914,train
1915,train
1916,test
1917,train
1918,train
1919,train
1920,train
1921,test
1922,train
1923,train
1924,train
1925,test
1926,test
1927,train
1928,train
1929,test
1930,train
1931,train
1932,train
1933,train
1934,train
1935,train
1936,train
1937,train
1938,train
1939,train
1940,train
1941,train
1942,test
1943,train
1944,test
1945,train
1946,test
1947,test
1948,train
1949,train
1950,test
1951,test
1952,train
1953,train
1954,train
1955,test
1956,train
1957,train
1958,train
1959,test
1960,train
1961,train
1962,test
1963,train
1964,test
1965,train
1966,train
1967,train
1968,test
1969,train
1970,train
1971,train
1972,train
1973,train
1974,train
1975,train
1976,train
1977,train
1978,train
1979,train
1980,train
1981,train
1982,train
1983,train
1984,train
1985,train
1986,test
1987,train
1988,train
1989,train
1990,train
1991,train
1992,train
1993,train
1994,train
1995,train
1996,test
1997,test
1998,test
1999,test
2000,train
2001,train
2002,train
2003,train
2004,train
2005,test
2006,train
2007,test
2008,train
2009,train
2010,train
2011,train
2012,train
2013,train
2014,train
2015,train
2016,train
2017,train
2018,test
2019,train
2020,test
2021,test
2022,test
2023,train
2024,train
2025,train
2026,train
2027,train
2028,train
2029,test
2030,train
2031,train
2032,train
2033,train
2034,train
2035,test
2036,train
2037,train
2038,train
2039,train
2040,train
2041,test
2042,test
2043,train
2044,train
2045,train
2046,train
2047,train
2048,test
2049,test
2050,train
2051,train
2052,train
2053,train
2054,test
2055,train
2056,train
2057,train
2058,train
2059,train
2060,test
2061,train
2062,train
2063,train
2064,train
2065,train
2066,train
2067,train
2068,test
2069,test
2070,test
2071,test
2072,test
2073,train
2074,train
2075,train
2076,train
2077,train
2078,train
2079,train
2080,train
2081,train
2082,train
2083,train
2084,train
2085,train
2086,test
2087,train
2088,test
2089,train
2090,train
2091,train
2092,train
2093,train
2094,train
2095,test
2096,train
2097,train
2098,train
2099,train
2100,train
2101,train
2102,train
2103,test
2104,train
2105,test
2106,train
2107,train
2108,train
2109,train
2110,train
2111,train
2112,train
2113,train
2114,train
2115,train
2116,train
2117,train
2118,train
2119,train
2120,train
2121,test
2122,train
2123,train
2124,train
2125,train
2126,test
2127,train
2128,train
2129,train
2130,test
2131,train
2132,train
2133,train
2134,train
2135,test
2136,test
2137,test
2138,test
2139,test
2140,train
2141,train
2142,test
2143,train
2144,train
2145,train
2146,train
2147,test
2148,train
2149,train
2150,test
2151,test
2152,train
2153,train
2154,train
2155,train
2156,train
2157,train
2158,train
2159,train
2160,train
2161,train
2162,train
2163,train
2164,train
2165,train
2166,train
2167,test
2168,train
2169,train
2170,train
2171,train
2172,train
2173,train
2174,train
2175,train
2176,train
2177,train
2178,train
2179,train
2180,train
2181,train
2182,train
2183,test
2184,train
2185,train
2186,train
2187,train
2188,train
2189,train
2190,train
2191,train
2192,train
2193,train
2194,train
2195,train
2196,test
2197,train
2198,train
2199,test
2200,train
2201,train
2202,train
2203,train
2204,train
2205,train
2206,train
2207,test
2208,train
2209,train
2210,train
2211,train
2212,train
2213,test
2214,test
2215,test
2216,train
2217,train
2218,train
2219,train
2220,train
2221,test
2222,train
2223,train
2224,train
2225,train
2226,train
2227,train
2228,train
2229,train
2230,train
2231,test
2232,train
2233,test
2234,train
2235,train
2236,train
2237,train
2238,train
2239,train
2240,train
2241,test
2242,train
2243,train
2244,train
2245,train
2246,test
2247,train
2248,test
2249,train
2250,train
2251,train
2252,train
2253,train
2254,train
2255,train
2256,train
2257,train
2258,train
2259,train
2260,train
2261,train
2262,train
2263,train
2264,train
2265,train
2266,train
2267,test
2268,train
2269,train
2270,train
2271,test
2272,train
2273,train
2274,train
2275,train
2276,train
2277,train
2278,train
2279,test
2280,train
2281,train
2282,train
2283,train
2284,train
2285,train
2286,train
2287,train
2288,train
2289,train
2290,train
2291,train
2292,train
2293,test
2294,test
2295,train
2296,train
2297,train
2298,test
2299,train
2300,train
2301,train
2302,train
2303,train
2304,train
2305,train
2306,train
2307,train
2308,train
2309,train
2310,train
2311,train
2312,train
2313,train
2314,test
2315,train
2316,train
2317,test
2318,test
2319,test
2320,train
2321,train
2322,train
2323,train
2324,train
2325,train
2326,train
2327,test
2328,train
2329,train
2330,train
2331,train
2332,train
2333,train
2334,train
2335,train
2336,train
2337,train
2338,train
2339,train
2340,train
2341,train
2342,test
2343,train
2344,train
2345,train
2346,train
2347,test
2348,train
2349,train
2350,train
2351,train
2352,train
2353,test
2354,train
2355,train
2356,train
2357,train
2358,train
2359,train
2360,train
2361,train
2362,train
2363,train
2364,train
2365,train
2366,train
2367,test
2368,train
2369,train
2370,train
2371,train
2372,train
2373,test
2374,train
2375,train
2376,train
2377,train
2378,train
2379,train
2380,train
2381,test
2382,test
2383,train
2384,train
2385,train
2386,train
2387,train
2388,train
2389,train
2390,test
2391,train
2392,train
2393,train
2394,train
2395,test
2396,train
2397,train
2398,train
2399,train
2400,test
2401,train
2402,train
2403,train
2404,test
2405,train
2406,train
2407,train
2408,train
2409,test
2410,test
2411,train
2412,train
2413,test
2414,test
2415,train
2416,train
2417,train
2418,train
2419,train
2420,train
2421,train
2422,train
2423,train
2424,train
2425,train
2426,train
2427,train
2428,train
2429,train
2430,train
2431,train
2432,train
2433,train
2434,train
2435,train
2436,test
2437,train
2438,test
2439,train
2440,train
2441,train
2442,train
2443,train
2444,train
2445,train
2446,train
2447,train
2448,train
2449,test
2450,test
2451,train
2452,train
2453,train
2454,train
2455,train
2456,train
2457,test
2458,train
2459,test
2460,train
2461,train
2462,train
2463,train
2464,test
2465,train
2466,train
2467,train
2468,train
2469,train
2470,train
2471,train
2472,train
2473,train
2474,train
2475,train
2476,train
2477,train
2478,train
2479,train
2480,train
2481,train
2482,train
2483,train
2484,train
2485,train
2486,train
2487,test
2488,train
2489,train
2490,test
2491,train
2492,train
2493,train
2494,train
2495,test
2496,train
2497,train
2498,train
2499,test
2500,train
2501,train
2502,train
2503,train
2504,test
2505,test
2506,train
2507,train
2508,train
2509,test
2510,train
2511,train
2512,train
2513,train
2514,train
2515,test
2516,train
2517,train
2518,train
2519,train
2520,train
2521,train
2522,train
2523,train
2524,train
2525,train
2526,train
2527,train
2528,train
2529,train
2530,train
2531,train
2532,test
2533,train
2534,test
2535,train
2536,train
2537,train
2538,train
2539,train
2540,train
2541,train
2542,train
2543,train
2544,train
2545,train
2546,train
2547,train
2548,train
2549,train
2550,train
2551,train
2552,train
2553,test
2554,test
2555,train
2556,train
2557,train
2558,test
2559,train
2560,train
2561,test
2562,train
2563,test
2564,train
2565,train
2566,train
2567,train
2568,train
2569,train
2570,train
2571,train
2572,train
2573,train
2574,train
2575,train
2576,train
2577,train
2578,train
2579,train
2580,train
2581,train
2582,train
2583,train
2584,test
2585,train
2586,train
2587,train
2588,train
2589,train
2590,test
2591,train
2592,train
2593,test
2594,train
2595,train
2596,train
2597,train
2598,train
2599,train
2600,test
2601,train
2602,train
2603,train
2604,test
2605,train
2606,train
2607,train
2608,test
2609,train
2610,train
2611,train
2612,train
2613,train
2614,train
2615,train
2616,train
2617,test
2618,test
2619,train
2620,train
2621,train
2622,train
2623,test
2624,train
2625,test
2626,train
2627,train
2628,test
2629,train
2630,train
2631,train
2632,test
2633,train
2634,train
2635,train
2636,train
2637,train
2638,test
2639,train
2640,train
2641,train
2642,train
2643,train
2644,test
2645,train
2646,train
2647,train
2648,train
2649,test
2650,train
2651,train
2652,train
2653,train
2654,train
2655,train
2656,train
2657,test
2658,train
2659,train
2660,test
2661,train
2662,train
2663,train
2664,train
2665,test
2666,train
2667,train
2668,test
2669,train
2670,train
2671,test
2672,train
2673,train
2674,test
2675,train
2676,test
2677,train
2678,train
2679,train
2680,train
2681,train
2682,train
2683,train
2684,test
2685,train
2686,train
2687,test
2688,train
2689,train
2690,train
2691,train
2692,train
2693,train
2694,train
2695,train
2696,train
2697,train
2698,train
2699,train
2700,test
2701,train
2702,train
2703,train
2704,train
2705,train
2706,train
2707,train
2708,test
2709,train
2710,train
2711,train
2712,train
2713,test
2714,train
2715,train
2716,train
2717,train
2718,train
2719,train
2720,train
2721,test
2722,train
2723,train
2724,train
2725,train
2726,train
2727,train
2728,train
2729,train
2730,train
2731,train
2732,train
2733,train
2734,train
2735,train
2736,train
2737,train
2738,train
2739,train
2740,train
2741,train
2742,train
2743,train
2744,train
2745,test
2746,test
2747,test
2748,train
2749,train
2750,train
2751,train
2752,test
2753,train
2754,train
2755,train
2756,train
2757,train
2758,test
2759,train
2760,train
2761,train
2762,train
2763,train
2764,train
2765,train
2766,train
2767,train
2768,train
2769,train
2770,test
2771,train
2772,train
2773,train
2774,train
2775,train
2776,train
2777,train
2778,train
2779,test
2780,train
2781,train
2782,train
2783,train
2784,train
2785,train
2786,train
2787,train
2788,train
2789,train
2790,test
2791,train
2792,test
2793,train
2794,train
2795,test
2796,train
2797,train
2798,train
2799,test
2800,train
2801,train
2802,train
2803,test
2804,test
2805,train
2806,train
2807,train
2808,train
2809,train
2810,train
2811,test
2812,train
2813,test
2814,train
2815,test
2816,train
2817,train
2818,train
2819,test
2820,train
2821,train
2822,train
2823,train
2824,test
2825,train
2826,train
2827,test
2828,train
2829,test
2830,train
2831,train
2832,train
2833,train
2834,train
2835,train
2836,train
2837,train
2838,train
2839,test
2840,train
2841,train
2842,train
2843,train
2844,train
2845,test
2846,train
2847,train
2848,train
2849,train
2850,train
2851,train
2852,test
2853,train
2854,test
2855,train
2856,train
2857,train
2858,train
2859,train
2860,train
2861,train
2862,train
2863,train
2864,train
2865,train
2866,train
2867,train
2868,train
2869,test
2870,train
2871,train
2872,train
2873,train
2874,train
2875,test
2876,train
2877,train
2878,train
2879,train
2880,train
2881,train
2882,test
2883,train
2884,train
2885,train
2886,train
2887,train
2888,train
2889,train
2890,test
2891,train
2892,test
2893,train
2894,test
2895,train
2896,train
2897,train
2898,train
2899,train
2900,train
2901,train
2902,train
2903,train
2904,train
2905,test
2906,train
2907,test
2908,train
2909,train
2910,train
2911,train
2912,train
2913,train
2914,train
2915,train
2916,train
2917,train
2918,test
2919,train
2920,train
2921,train
2922,train
2923,train
2924,train
2925,test
2926,test
2927,train
2928,train
2929,train
2930,train
2931,test
2932,train
2933,train
2934,train
2935,train
2936,train
2937,train
2938,train
2939,train
2940,train
2941,train
2942,train
2943,train
2944,test
2945,train
2946,train
2947,test
2948,train
2949,train
2950,test
2951,train
2952,train
2953,train
2954,train
2955,train
2956,train
2957,train
2958,train
2959,train
2960,train
2961,train
2962,train
2963,test
2964,test
2965,train
2966,test
2967,train
2968,test
2969,train
2970,test
2971,train
2972,train
2973,train
2974,train
2975,train
2976,train
2977,train
2978,train
2979,train
2980,test
2981,train
2982,train
2983,train
2984,train
2985,train
2986,train
2987,train
2988,train
2989,train
2990,test
2991,train
2992,train
2993,train
2994,train
2995,test
2996,test
2997,train
2998,train
2999,train
3000,train
3001,test
3002,train
3003,train
3004,train
3005,train
3006,test
3007,test
3008,train
3009,test
3010,train
3011,train
3012,test
3013,train
3014,train
3015,train
3016,train
3017,train
3018,test
3019,test
3020,train
3021,train
3022,train
3023,train
3024,train
3025,train
3026,train
3027,train
3028,test
3029,train
3030,train
3031,train
3032,test
3033,train
3034,train
3035,train
3036,test
3037,train
3038,train
3039,test
3040,train
3041,train
3042,train
3043,train
3044,train
3045,train
3046,test
3047,train
3048,train
3049,train
3050,test
3051,train
3052,train
3053,test
3054,train
3055,train
3056,test
3057,train
3058,train
3059,test
3060,train
3061,train
3062,test
3063,train
3064,train
3065,train
3066,train
3067,train
3068,train
3069,train
3070,test
3071,train
3072,train
3073,test
3074,train
3075,train
3076,train
3077,train
3078,train
3079,train
3080,train
3081,train
3082,train
3083,train
3084,train
3085,train
3086,train
3087,test
3088,train
3089,train
3090,train
3091,train
3092,test
3093,train
3094,train
3095,train
3096,test
3097,train
3098,train
3099,train
3100,test
3101,test
3102,train
3103,train
3104,train
3105,test
3106,train
3107,train
3108,test
3109,train
3110,train
3111,train
3112,train
3113,train
3114,train
3115,test
3116,train
3117,train
3118,test
3119,train
3120,train
3121,train
3122,test
3123,test
3124,train
3125,test
3126,train
3127,train
3128,train
3129,train
3130,test
3131,train
3132,train
3133,train
3134,train
3135,train
3136,train
3137,train
3138,test
3139,train
3140,train
3141,train
3142,train
3143,train
3144,train
3145,test
3146,train
3147,test
3148,train
3149,test
3150,test
3151,train
3152,test
3153,train
3154,train
3155,train
3156,train
3157,test
3158,test
3159,train
3160,train
3161,train
3162,train
3163,test
3164,train
3165,train
3166,train
3167,train
3168,train
3169,train
3170,train
3171,train
3172,test
3173,train
3174,train
3175,train
3176,train
3177,train
3178,train
3179,train
3180,train
3181,train
3182,train
3183,train
3184,test
3185,train
3186,train
3187,train
3188,train
3189,train
3190,train
3191,train
3192,train
3193,test
3194,train
3195,test
3196,train
3197,train
3198,train
3199,train
3200,train
3201,train
3202,train
3203,train
3204,train
3205,train
3206,train
3207,test
3208,train
3209,train
3210,train
3211,train
3212,train
3213,train
3214,train
3215,train
3216,train
3217,train
3218,train
3219,train
3220,train
3221,train
3222,train
3223,train
3224,train
3225,train
3226,test
3227,train
3228,train
3229,train
3230,test
3231,train
3232,train
3233,train
3234,test
3235,train
3236,train
3237,train
3238,test
3239,train
3240,train
3241,test
3242,train
3243,train
3244,train
3245,train
3246,test
3247,train
3248,train
3249,train
3250,train
3251,train
3252,train
3253,train
3254,train
3255,test
3256,train
3257,train
3258,test
3259,test
3260,train
3261,train
3262,train
3263,train
3264,train
3265,train
3266,train
3267,train
3268,train
3269,test
3270,train
3271,test
3272,train
3273,train
3274,train
3275,test
3276,train
3277,test
3278,train
3279,test
3280,train
3281,test
3282,train
3283,test
3284,train
3285,train
3286,train
3287,train
3288,train
3289,train
3290,test
3291,train
3292,train
3293,train
3294,train
3295,train
3296,train
3297,test
3298,test
3299,train
3300,train
3301,train
3302,train
3303,train
3304,train
3305,train
3306,train
3307,train
3308,test
3309,train
3310,train
3311,train
3312,train
3313,train
3314,train
3315,train
3316,train
3317,test
3318,train
3319,train
3320,train
3321,test
3322,train
3323,train
3324,test
3325,train
3326,test
3327,train
3328,train
3329,train
3330,train
3331,test
3332,train
3333,test
3334,train
3335,train
3336,train
3337,train
3338,test
3339,train
3340,train
3341,train
3342,test
3343,test
3344,test
3345,train
3346,train
3347,train
3348,test
3349,train
3350,test
3351,train
3352,test
3353,train
3354,train
3355,train
3356,test
3357,train
3358,train
3359,test
3360,test
3361,train
3362,train
3363,train
3364,train
3365,train
3366,train
3367,train
3368,test
3369,train
3370,train
3371,train
3372,train
3373,train
3374,test
3375,test
3376,train
3377,train
3378,train
3379,test
3380,test
3381,train
3382,train
3383,train
3384,train
3385,test
3386,test
3387,test
3388,train
3389,train
3390,test
3391,train
3392,train
3393,train
3394,train
3395,train
3396,train
3397,train
3398,train
3399,train
3400,train
3401,train
3402,train
3403,train
3404,train
3405,test
3406,train
3407,train
3408,test
3409,test
3410,test
3411,train
3412,train
3413,train
3414,train
3415,train
3416,test
3417,train
3418,train
3419,test
3420,test
3421,train
3422,train
3423,train
3424,train
3425,train
3426,train
3427,train
3428,train
3429,test
3430,train
3431,train
3432,train
3433,test
3434,test
3435,train
3436,train
3437,train
3438,train
3439,train
3440,train
3441,test
3442,train
3443,train
3444,train
3445,train
3446,train
3447,train
3448,train
3449,train
3450,train
3451,train
3452,train
3453,train
3454,train
3455,train
3456,test
3457,train
3458,test
3459,train
3460,train
3461,train
3462,train
3463,train
3464,train
3465,train
3466,train
3467,train
3468,train
3469,train
3470,train
3471,train
3472,test
3473,test
3474,train
3475,train
3476,train
3477,train
3478,train
3479,test
3480,train
3481,train
3482,train
3483,train
3484,train
3485,train
3486,train
3487,test
3488,train
3489,train
3490,train
3491,train
3492,test
3493,train
3494,train
3495,train
3496,train
3497,test
3498,train
3499,train
3500,train
3501,train
3502,train
3503,train
3504,train
3505,test
3506,train
3507,train
3508,train
3509,test
3510,train
3511,test
3512,train
3513,train
3514,test
3515,test
3516,train
3517,train
3518,train
3519,train
3520,train
3521,test
3522,train
3523,train
3524,train
3525,test
3526,train
3527,train
3528,train
3529,train
3530,train
3531,train
3532,train
3533,train
3534,train
3535,test
3536,train
3537,train
3538,test
3539,train
3540,train
3541,test
3542,train
3543,train
3544,train
3545,train
3546,train
3547,train
3548,train
3549,test
3550,train
3551,train
3552,train
3553,train
3554,train
3555,train
3556,train
3557,train
3558,train
3559,train
3560,test
3561,train
3562,train
3563,train
3564,train
3565,test
3566,train
3567,train
3568,test
3569,train
3570,train
3571,test
3572,train
3573,train
3574,test
3575,test
3576,train
3577,test
3578,train
3579,test
3580,train
3581,train
3582,train
3583,train
3584,train
3585,train
3586,train
3587,train
3588,test
3589,train
3590,test
3591,train
3592,train
3593,train
3594,train
3595,train
3596,train
3597,test
3598,train
3599,train
3600,test
3601,train
3602,test
3603,train
3604,train
3605,train
3606,train
3607,test
3608,train
3609,train
3610,train
3611,train
3612,train
3613,test
3614,train
3615,train
3616,train
3617,train
3618,train
3619,train
3620,train
3621,train
3622,train
3623,train
3624,train
3625,train
3626,test
3627,test
3628,train
3629,train
3630,train
3631,test
3632,train
3633,test
3634,train
3635,train
3636,train
3637,train
3638,test
3639,train
3640,train
3641,test
3642,train
3643,train
3644,train
3645,test
3646,train
3647,test
3648,train
3649,train
3650,train
3651,train
3652,train
3653,test
3654,train
3655,train
3656,train
3657,train
3658,train
3659,train
3660,train
3661,train
3662,train
3663,train
3664,train
3665,train
3666,train
3667,train
3668,test
3669,train
3670,train
3671,train
3672,train
3673,test
3674,train
3675,train
3676,train
3677,train
3678,train
3679,test
3680,test
3681,test
3682,train
3683,train
3684,test
3685,test
3686,train
3687,train
3688,test
3689,test
3690,train
3691,train
3692,test
3693,train
3694,train
3695,train
3696,train
3697,train
3698,test
3699,train
3700,train
3701,test
3702,train
3703,train
3704,train
3705,train
3706,train
3707,train
3708,test
3709,train
3710,train
3711,test
3712,train
3713,train
3714,train
3715,train
3716,train
3717,test
3718,train
3719,train
3720,test
3721,test
3722,train
3723,test
3724,train
3725,test
3726,train
3727,train
3728,train
3729,train
3730,test
3731,train
3732,test
3733,train
3734,train
3735,train
3736,train
3737,train
3738,train
3739,train
3740,train
3741,train
3742,test
3743,test
3744,train
3745,train
3746,train
3747,train
3748,train
3749,train
3750,train
3751,test
3752,train
3753,train
3754,train
3755,test
3756,test
3757,train
3758,train
3759,train
3760,train
3761,test
3762,train
3763,train
3764,test
3765,train
3766,test
3767,train
3768,train
3769,train
3770,train
3771,train
3772,train
3773,train
3774,train
3775,train
3776,train
3777,train
3778,train
3779,train
3780,train
3781,train
3782,test
3783,train
3784,train
3785,train
3786,train
3787,test
3788,train
3789,train
3790,test
3791,train
3792,train
3793,train
3794,train
3795,train
3796,train
3797,train
3798,train
3799,train
3800,train
3801,train
3802,train
3803,test
3804,train
3805,train
3806,train
3807,test
3808,train
3809,train
3810,train
3811,train
3812,train
3813,train
3814,train
3815,test
3816,train
3817,train
3818,train
3819,train
3820,train
3821,train
3822,train
3823,train
3824,test
3825,train
3826,train
3827,train
3828,train
3829,train
3830,train
3831,train
3832,train
3833,train
3834,train
3835,train
3836,train
3837,train
3838,train
3839,train
3840,train
3841,train
3842,train
3843,train
3844,train
3845,train
3846,train
3847,train
3848,train
3849,test
3850,train
3851,train
3852,train
3853,test
3854,test
3855,train
3856,train
3857,train
3858,test
3859,train
3860,train
3861,test
3862,train
3863,train
3864,test
3865,train
3866,test
3867,train
3868,train
3869,train
3870,train
3871,train
3872,train
3873,test
3874,test
3875,train
3876,test
3877,train
3878,test
3879,train
3880,test
3881,train
3882,train
3883,train
3884,train
3885,test
3886,test
3887,train
3888,train
3889,train
3890,train
3891,train
3892,test
3893,train
3894,train
3895,train
3896,train
3897,train
3898,train
3899,train
3900,train
3901,train
3902,train
3903,train
3904,train
3905,train
3906,test
3907,train
3908,train
3909,train
3910,train
3911,train
3912,test
3913,train
3914,train
3915,train
3916,test
3917,train
3918,train
3919,train
3920,train
3921,train
3922,train
3923,train
3924,train
3925,test
3926,train
3927,train
3928,train
3929,train
3930,train
3931,train
3932,train
3933,train
3934,train
3935,test
3936,train
3937,train
3938,test
3939,train
3940,train
3941,train
3942,train
3943,train
3944,train
3945,train
3946,test
3947,train
3948,train
3949,train
3950,train
3951,train
3952,train
3953,test
3954,train
3955,train
3956,train
3957,train
3958,train
3959,test
3960,train
3961,train
3962,train
3963,train
3964,test
3965,train
3966,train
3967,test
3968,train
3969,train
3970,train
3971,train
3972,train
3973,test
3974,train
3975,test
3976,train
3977,train
3978,train
3979,train
3980,train
3981,test
3982,test
3983,train
3984,train
3985,train
3986,train
3987,train
3988,train
3989,train
3990,train
3991,train
3992,train
3993,train
3994,test
3995,test
3996,train
3997,train
3998,test
3999,train
4000,train
4001,test
4002,train
4003,test
4004,train
4005,train
4006,train
4007,train
4008,test
4009,train
4010,train
4011,train
4012,train
4013,test
4014,train
4015,train
4016,train
4017,train
4018,train
4019,train
4020,train
4021,test
4022,train
4023,train
4024,train
4025,train
4026,train
4027,test
4028,train
4029,train
4030,train
4031,train
4032,train
4033,train
4034,train
4035,train
4036,train
4037,train
4038,train
4039,train
4040,train
4041,train
4042,train
4043,train
4044,train
4045,train
4046,train
4047,test
4048,train
4049,train
4050,train
4051,test
4052,train
4053,train
4054,train
4055,test
4056,test
4057,test
4058,train
4059,train
4060,train
4061,train
4062,train
4063,train
4064,train
4065,test
4066,train
4067,test
4068,train
4069,train
4070,train
4071,train
4072,train
4073,test
4074,test
4075,train
4076,test
4077,train
4078,train
4079,train
4080,train
4081,train
4082,train
4083,test
4084,train
4085,test
4086,train
4087,train
4088,train
4089,test
4090,train
4091,train
4092,test
4093,train
4094,train
4095,test
4096,train
4097,train
4098,train
4099,train
4100,test
4101,test
4102,train
4103,train
4104,train
4105,train
4106,train
4107,train
4108,train
4109,train
4110,train
4111,train
4112,train
4113,train
4114,train
4115,test
4116,train
4117,train
4118,test
4119,train
4120,train
4121,train
4122,train
4123,train
4124,train
4125,train
4126,train
4127,test
4128,train
4129,train
4130,train
4131,train
4132,train
4133,train
4134,train
4135,train
4136,train
4137,test
4138,train
4139,train
4140,train
4141,train
4142,train
4143,train
4144,train
4145,train
4146,train
4147,train
4148,train
4149,train
4150,train
4151,test
4152,train
4153,test
4154,test
4155,train
4156,test
4157,test
4158,train
4159,train
4160,train
4161,test
4162,train
4163,train
4164,train
4165,train
4166,train
4167,train
4168,train
4169,train
4170,train
4171,test
4172,train
4173,train
4174,train
4175,test
4176,train
4177,train
4178,train
4179,train
4180,test
4181,train
4182,test
4183,test
4184,train
4185,train
4186,train
4187,test
4188,train
4189,train
4190,train
4191,train
4192,test
4193,train
4194,train
4195,test
4196,train
4197,test
4198,train
4199,train
4200,train
4201,train
4202,train
4203,test
4204,train
4205,train
4206,train
4207,train
4208,test
4209,train
4210,train
4211,train
4212,test
4213,train
4214,train
4215,test
4216,train
4217,train
4218,train
4219,train
4220,train
4221,train
4222,train
4223,train
4224,train
4225,train
4226,train
4227,test
4228,train
4229,train
4230,train
4231,test
4232,test
4233,test
4234,train
4235,train
4236,test
4237,train
4238,train
4239,train
4240,train
4241,train
4242,train
4243,test
4244,train
4245,train
4246,train
4247,train
4248,train
4249,test
4250,train
4251,train
4252,train
4253,test
4254,test
4255,test
4256,train
4257,train
4258,train
4259,train
4260,test
4261,train
4262,train
4263,train
4264,train
4265,train
4266,train
4267,train
4268,train
4269,train
4270,train
4271,test
4272,test
4273,train
4274,train
4275,test
4276,test
4277,train
4278,test
4279,train
4280,test
4281,train
4282,train
4283,train
4284,train
4285,train
4286,train
4287,train
4288,train
4289,test
4290,train
4291,train
4292,test
4293,train
4294,test
4295,train
4296,test
4297,train
4298,train
4299,train
4300,train
4301,train
4302,train
4303,train
4304,train
4305,train
4306,train
4307,train
4308,train
4309,train
4310,test
4311,test
4312,train
4313,train
4314,train
4315,train
4316,test
4317,train
4318,train
4319,train
4320,train
4321,train
4322,test
4323,train
4324,train
4325,train
4326,train
4327,test
4328,train
4329,test
4330,train
4331,train
4332,train
4333,test
4334,train
4335,train
4336,train
4337,test
4338,train
4339,train
4340,train
4341,test
4342,train
4343,test
4344,train
4345,train
4346,test
4347,train
4348,test
4349,train
4350,train
4351,test
4352,train
4353,train
4354,train
4355,train
4356,train
4357,train
4358,train
4359,train
4360,train
4361,train
4362,train
4363,train
4364,test
4365,train
4366,train
4367,test
4368,train
4369,test
4370,train
4371,train
4372,train
4373,train
4374,train
4375,train
4376,train
4377,train
4378,train
4379,train
4380,train
4381,train
4382,train
4383,train
4384,train
4385,train
4386,train
4387,train
4388,train
4389,train
4390,train
4391,train
4392,train
4393,train
4394,train
4395,train
4396,train
4397,train
4398,train
4399,train
4400,test
4401,train
4402,train
4403,train
4404,train
4405,train
4406,train
4407,train
4408,test
4409,train
4410,test
4411,train
4412,train
4413,train
4414,train
4415,train
4416,test
4417,test
4418,train
4419,train
4420,train
4421,train
4422,train
4423,train
4424,train
4425,train
4426,train
4427,test
4428,train
4429,train
4430,train
4431,train
4432,train
4433,train
4434,test
4435,train
4436,train
4437,train
4438,train
4439,train
4440,train
4441,train
4442,train
4443,train
4444,train
4445,train
4446,train
4447,train
4448,train
4449,train
4450,test
4451,train
4452,test
4453,train
4454,test
4455,test
4456,train
4457,train
4458,train
4459,train
4460,train
4461,train
4462,train
4463,test
4464,train
4465,train
4466,train
4467,train
4468,train
4469,train
4470,train
4471,train
4472,train
4473,train
4474,train
4475,test
4476,train
4477,train
4478,train
4479,test
4480,train
4481,train
4482,train
4483,train
4484,test
4485,train
4486,train
4487,train
4488,train
4489,train
4490,train
4491,train
4492,train
4493,train
4494,train
4495,train
4496,train
4497,test
4498,train
4499,train
4500,train
4501,train
4502,train
4503,train
4504,train
4505,train
4506,train
4507,test
4508,train
4509,train
4510,train
4511,train
4512,test
4513,train
4514,train
4515,train
4516,train
4517,train
4518,train
4519,train
4520,train
4521,test
4522,train
4523,train
4524,train
4525,train
4526,train
4527,train
4528,test
4529,train
4530,train
4531,train
4532,test
4533,train
4534,train
4535,test
4536,train
4537,test
4538,test
4539,test
4540,test
4541,train
4542,train
4543,train
4544,test
4545,test
4546,train
4547,test
4548,train
4549,train
4550,train
4551,train
4552,test
4553,train
4554,test
4555,test
4556,train
4557,test
4558,test
4559,test
4560,train
4561,train
4562,train
4563,test
4564,test
4565,train
4566,train
4567,train
4568,test
4569,train
4570,train
4571,train
4572,train
4573,train
4574,test
4575,train
4576,train
4577,train
4578,train
4579,train
4580,train
4581,train
4582,train
4583,train
4584,train
4585,train
4586,train
4587,train
4588,train
4589,test
4590,train
4591,train
4592,train
4593,train
4594,train
4595,test
4596,train
4597,train
4598,train
4599,test
4600,test
4601,train
4602,train
4603,train
4604,train
4605,train
4606,train
4607,train
4608,train
4609,train
4610,train
4611,train
4612,train
4613,train
4614,train
4615,train
4616,train
4617,train
4618,train
4619,train
4620,train
4621,train
4622,train
4623,train
4624,train
4625,train
4626,train
4627,test
4628,test
4629,train
4630,train
4631,train
4632,train
4633,train
4634,train
4635,train
4636,test
4637,train
4638,train
4639,train
4640,train
4641,train
4642,test
4643,train
4644,train
4645,train
4646,train
4647,test
4648,train
4649,test
4650,train
4651,train
4652,test
4653,train
4654,train
4655,train
4656,train
4657,train
4658,test
4659,train
4660,test
4661,train
4662,train
4663,train
4664,train
4665,train
4666,train
4667,train
4668,test
4669,train
4670,train
4671,train
4672,train
4673,train
4674,train
4675,test
4676,train
4677,train
4678,train
4679,train
4680,train
4681,train
4682,train
4683,test
4684,train
4685,train
4686,train
4687,test
4688,train
4689,train
4690,train
4691,train
4692,train
4693,train
4694,train
4695,train
4696,train
4697,test
4698,train
4699,train
4700,train
4701,test
4702,train
4703,train
4704,train
4705,train
4706,test
4707,train
4708,train
4709,train
4710,train
4711,train
4712,test
4713,train
4714,test
4715,train
4716,test
4717,train
4718,test
4719,train
4720,train
4721,train
4722,train
4723,test
4724,train
4725,train
4726,train
4727,train
4728,train
4729,test
4730,train
4731,train
4732,train
4733,test
4734,train
4735,train
4736,test
4737,test
4738,train
4739,train
4740,train
4741,train
4742,train
4743,train
4744,test
4745,train
4746,train
4747,test
4748,train
4749,train
4750,train
4751,test
4752,train
4753,train
4754,train
4755,train
4756,test
4757,train
4758,test
4759,train
4760,train
4761,train
4762,train
4763,train
4764,train
4765,train
4766,train
4767,train
4768,train
4769,train
4770,train
4771,train
4772,train
4773,train
4774,train
4775,test
4776,train
4777,train
4778,test
4779,train
4780,test
4781,test
4782,train
4783,test
4784,train
4785,train
4786,test
4787,train
4788,train
4789,test
4790,train
4791,train
4792,train
4793,train
4794,train
4795,train
4796,train
4797,test
4798,test
4799,train
4800,train
4801,train
4802,train
4803,train
4804,train
4805,train
4806,test
4807,train
4808,train
4809,train
4810,train
4811,train
4812,train
4813,test
4814,train
4815,train
4816,train
4817,train
4818,train
4819,train
4820,train
4821,train
4822,test
4823,train
4824,train
4825,train
4826,train
4827,train
4828,train
4829,test
4830,test
4831,train
4832,train
4833,test
4834,test
4835,test
4836,train
4837,test
4838,train
4839,test
4840,train
4841,train
4842,train
4843,train
4844,train
4845,train
4846,train
4847,test
4848,train
4849,test
4850,train
4851,train
4852,train
4853,test
4854,train
4855,train
4856,train
4857,train
4858,train
4859,train
4860,train
4861,train
4862,train
4863,test
4864,test
4865,train
4866,train
4867,test
4868,train
4869,test
4870,train
4871,train
4872,test
4873,train
4874,train
4875,train
4876,train
4877,train
4878,train
4879,train
4880,train
4881,test
4882,train
4883,train
4884,test
4885,test
4886,train
4887,train
4888,test
4889,train
4890,train
4891,test
4892,train
4893,train
4894,train
4895,train
4896,train
4897,train
4898,train
4899,train
4900,train
4901,test
4902,train
4903,test
4904,train
4905,train
4906,train
4907,train
4908,train
4909,train
4910,test
4911,train
4912,train
4913,train
4914,train
4915,train
4916,train
4917,train
4918,train
4919,train
4920,train
4921,train
4922,test
4923,test
4924,train
4925,train
4926,train
4927,train
4928,train
4929,test
4930,train
4931,train
4932,train
4933,train
4934,train
4935,train
4936,train
4937,train
4938,train
4939,train
4940,train
4941,train
4942,train
4943,train
4944,train
4945,train
4946,train
4947,train
4948,test
4949,train
4950,train
4951,train
4952,train
4953,train
4954,train
4955,train
4956,train
4957,test
4958,train
4959,train
4960,test
4961,train
4962,test
4963,train
4964,train
4965,train
4966,train
4967,train
4968,train
4969,train
4970,train
4971,train
4972,train
4973,train
4974,train
4975,test
4976,train
4977,train
4978,train
4979,test
4980,train
4981,train
4982,train
4983,train
4984,train
4985,train
4986,test
4987,test
4988,train
4989,train
4990,train
4991,train
4992,train
4993,train
4994,test
4995,train
4996,train
4997,train
4998,train
4999,train
5000,train
5001,train
5002,train
5003,train
5004,test
5005,train
5006,train
5007,train
5008,train
5009,train
5010,train
5011,test
5012,test
5013,test
5014,test
5015,train
5016,train
5017,train
5018,train
5019,train
5020,train
5021,train
5022,train
5023,train
5024,test
5025,train
5026,train
5027,train
5028,train
5029,test
5030,train
5031,train
5032,train
5033,train
5034,train
5035,train
5036,train
5037,train
5038,train
5039,train
5040,train
5041,train
5042,train
5043,train
5044,train
5045,train
5046,train
5047,train
5048,train
5049,test
5050,test
5051,train
5052,train
5053,train
5054,train
5055,train
5056,train
5057,train
5058,train
5059,train
5060,train
5061,train
5062,train
5063,train
5064,train
5065,train
5066,test
5067,train
5068,train
5069,train
5070,train
5071,train
5072,train
5073,test
5074,train
5075,train
5076,train
5077,train
5078,test
5079,train
5080,train
5081,test
5082,train
5083,train
5084,train
5085,train
5086,test
5087,train
5088,train
5089,train
5090,test
5091,train
5092,train
5093,test
5094,train
5095,test
5096,train
5097,train
5098,train
5099,train
5100,train
5101,test
5102,train
5103,train
5104,train
5105,train
5106,train
5107,test
5108,train
5109,train
5110,test
5111,test
5112,train
5113,train
5114,train
5115,test
5116,train
5117,train
5118,train
5119,train
5120,test
5121,train
5122,train
5123,train
5124,train
5125,train
5126,test
5127,train
5128,train
5129,train
5130,test
5131,train
5132,train
5133,train
5134,train
5135,train
5136,train
5137,train
5138,train
5139,train
5140,train
5141,train
5142,train
5143,train
5144,train
5145,train
5146,train
5147,test
5148,train
5149,train
5150,test
5151,train
5152,train
5153,train
5154,train
5155,test
5156,train
5157,train
5158,test
5159,train
5160,train
5161,train
5162,train
5163,train
5164,train
5165,train
5166,train
5167,train
5168,train
5169,train
5170,train
5171,train
5172,train
5173,test
5174,train
5175,train
5176,test
5177,test
5178,train
5179,train
5180,train
5181,test
5182,test
5183,train
5184,test
5185,train
5186,train
5187,train
5188,test
5189,train
5190,train
5191,train
5192,test
5193,train
5194,train
5195,train
5196,train
5197,train
5198,train
5199,train
5200,train
5201,train
5202,train
5203,train
5204,train
5205,train
5206,train
5207,test
5208,train
5209,test
5210,train
5211,train
5212,train
5213,train
5214,train
5215,test
5216,train
5217,train
5218,train
5219,train
5220,train
5221,test
5222,train
5223,train
5224,train
5225,train
5226,train
5227,train
5228,train
5229,train
5230,train
5231,train
5232,train
5233,train
5234,train
5235,train
5236,train
5237,train
5238,train
5239,train
5240,test
5241,train
5242,train
5243,train
5244,train
5245,train
5246,test
5247,train
5248,train
5249,train
5250,train
5251,train
5252,train
5253,test
5254,test
5255,test
5256,train
5257,train
5258,train
5259,test
5260,test
5261,train
5262,train
5263,train
5264,train
5265,train
5266,train
5267,test
5268,train
5269,train
5270,test
5271,train
5272,train
5273,train
5274,test
5275,test
5276,test
5277,train
5278,train
5279,train
5280,train
5281,train
5282,train
5283,train
5284,train
5285,train
5286,train
5287,train
5288,train
5289,train
5290,test
5291,train
5292,train
5293,train
5294,train
5295,train
5296,test
5297,test
5298,train
5299,train
5300,train
5301,test
5302,train
5303,train
5304,test
5305,train
5306,train
5307,test
5308,test
5309,train
5310,train
5311,train
5312,train
5313,train
5314,train
5315,train
5316,train
5317,train
5318,train
5319,test
5320,train
5321,train
5322,train
5323,train
5324,train
5325,train
5326,train
5327,test
5328,test
5329,train
5330,test
5331,train
5332,train
5333,test
5334,train
5335,test
5336,train
5337,train
5338,train
5339,train
5340,test
5341,train
5342,test
5343,train
5344,train
5345,train
5346,train
5347,test
5348,train
5349,train
5350,train
5351,train
5352,train
5353,test
5354,test
5355,train
5356,train
5357,train
5358,train
5359,test
5360,test
5361,train
5362,train
5363,test
5364,train
5365,train
5366,train
5367,test
5368,train
5369,test
5370,train
5371,train
5372,train
5373,train
5374,test
5375,train
5376,train
5377,train
5378,train
5379,test
5380,test
5381,train
5382,train
5383,train
5384,train
5385,train
5386,train
5387,test
5388,train
5389,train
5390,train
5391,test
5392,train
5393,train
5394,test
5395,train
5396,train
5397,train
5398,test
5399,train
5400,test
5401,train
5402,train
5403,train
5404,train
5405,test
5406,train
5407,train
5408,test
5409,test
5410,train
5411,train
5412,train
5413,train
5414,train
5415,train
5416,train
5417,train
5418,train
5419,test
5420,train
5421,train
5422,train
5423,train
5424,train
5425,test
5426,train
5427,test
5428,train
5429,train
5430,train
5431,test
5432,train
5433,train
5434,train
5435,train
5436,train
5437,train
5438,train
5439,train
5440,train
5441,train
5442,train
5443,train
5444,train
5445,train
5446,train
5447,train
5448,train
5449,train
5450,train
5451,train
5452,train
5453,train
5454,train
5455,train
5456,train
5457,train
5458,test
5459,test
5460,test
5461,train
5462,train
5463,test
5464,train
5465,train
5466,train
5467,train
5468,train
5469,train
5470,train
5471,train
5472,train
5473,test
5474,train
5475,train
5476,train
5477,test
5478,train
5479,train
5480,train
5481,test
5482,train
5483,train
5484,train
5485,test
5486,train
5487,train
5488,train
5489,train
5490,train
5491,train
5492,train
5493,test
5494,train
5495,train
5496,train
5497,train
5498,train
5499,train
5500,train
5501,train
5502,train
5503,train
5504,train
5505,train
5506,train
5507,train
5508,train
5509,train
5510,train
5511,train
5512,train
5513,test
5514,train
5515,train
5516,train
5517,test
5518,train
5519,train
5520,train
5521,train
5522,train
5523,train
5524,train
5525,train
5526,train
5527,train
5528,test
5529,train
5530,train
5531,train
5532,test
5533,test
5534,test
5535,test
5536,train
5537,train
5538,test
5539,train
5540,train
5541,train
5542,train
5543,train
5544,train
5545,train
5546,train
5547,train
5548,train
5549,train
5550,train
5551,train
5552,train
5553,train
5554,train
5555,train
5556,train
5557,train
5558,test
5559,train
5560,train
5561,train
5562,train
5563,train
5564,test
5565,train
5566,test
5567,train
5568,train
5569,train
5570,test
5571,train
5572,train
5573,train
5574,train
5575,train
5576,test
5577,train
5578,train
5579,train
5580,test
5581,train
5582,train
5583,train
5584,train
5585,train
5586,test
5587,train
5588,train
5589,train
5590,train
5591,test
5592,train
5593,train
5594,train
5595,train
5596,test
5597,train
5598,test
5599,test
5600,train
5601,train
5602,test
5603,train
5604,train
5605,train
5606,train
5607,train
5608,test
5609,train
5610,test
5611,train
5612,train
5613,train
5614,train
5615,test
5616,train
5617,train
5618,train
5619,train
5620,train
5621,train
5622,train
5623,train
5624,test
5625,test
5626,train
5627,test
5628,train
5629,train
5630,train
5631,train
5632,test
5633,train
5634,train
5635,train
5636,test
5637,train
5638,test
5639,test
5640,train
5641,train
5642,test
5643,test
5644,train
5645,train
5646,test
5647,train
5648,train
5649,train
5650,train
5651,train
5652,test
5653,train
5654,train
5655,test
5656,test
5657,test
5658,train
5659,train
5660,train
5661,test
5662,test
5663,train
5664,train
5665,train
5666,test
5667,train
5668,train
5669,train
5670,train
5671,train
5672,test
5673,train
5674,train
5675,train
5676,train
5677,train
5678,train
5679,train
5680,train
5681,train
5682,train
5683,train
5684,train
5685,train
5686,train
5687,train
5688,train
5689,train
5690,train
5691,train
5692,train
5693,train
5694,train
5695,train
5696,test
5697,train
5698,train
5699,test
5700,train
5701,train
5702,train
5703,test
5704,train
5705,train
5706,train
5707,train
5708,test
5709,train
5710,train
5711,train
5712,train
5713,test
5714,train
5715,train
5716,train
5717,test
5718,train
5719,test
5720,train
5721,train
5722,train
5723,train
5724,train
5725,train
5726,train
5727,train
5728,train
5729,test
5730,train
5731,train
5732,train
5733,train
5734,train
5735,train
5736,train
5737,test
5738,train
5739,train
5740,train
5741,train
5742,train
5743,train
5744,train
5745,train
5746,train
5747,train
5748,test
5749,train
5750,train
5751,test
5752,train
5753,train
5754,test
5755,train
5756,train
5757,train
5758,train
5759,train
5760,test
5761,test
5762,train
5763,train
5764,train
5765,train
5766,train
5767,train
5768,train
5769,test
5770,train
5771,test
5772,train
5773,test
5774,train
5775,test
5776,train
5777,train
5778,train
5779,train
5780,train
5781,train
5782,train
5783,train
5784,train
5785,test
5786,train
5787,test
5788,train
5789,train
5790,train
5791,train
5792,test
5793,train
5794,train
5795,train
5796,train
5797,train
5798,train
5799,train
5800,train
5801,train
5802,train
5803,train
5804,train
5805,train
5806,train
5807,train
5808,train
5809,train
5810,train
5811,train
5812,train
5813,test
5814,test
5815,train
5816,train
5817,train
5818,train
5819,train
5820,train
5821,train
5822,train
5823,train
5824,test
5825,train
5826,train
5827,train
5828,train
5829,train
5830,train
5831,test
5832,train
5833,test
5834,train
5835,train
5836,train
5837,train
5838,train
5839,train
5840,train
5841,train
5842,train
5843,train
5844,test
5845,train
5846,train
5847,test
5848,train
5849,test
5850,train
5851,test
5852,train
5853,train
5854,train
5855,train
5856,train
5857,train
5858,train
5859,train
5860,train
5861,train
5862,train
5863,train
5864,train
5865,train
5866,train
5867,test
5868,train
5869,train
5870,train
5871,train
5872,train
5873,test
5874,train
5875,train
5876,train
5877,train
5878,train
5879,train
5880,train
5881,train
5882,train
5883,train
5884,train
5885,test
5886,test
5887,train
5888,train
5889,train
5890,train
5891,test
5892,test
5893,train
5894,train
5895,train
5896,train
5897,train
5898,test
5899,test
5900,test
5901,train
5902,train
5903,train
5904,train
5905,test
5906,train
5907,test
5908,train
5909,train
5910,train
5911,train
5912,train
5913,test
5914,train
5915,train
5916,train
5917,train
5918,test
5919,train
5920,train
5921,train
5922,train
5923,test
5924,test
5925,train
5926,train
5927,train
5928,test
5929,train
5930,test
5931,train
5932,train
5933,train
5934,train
5935,train
5936,train
5937,train
5938,train
5939,train
5940,train
5941,test
5942,train
5943,train
5944,train
5945,train
5946,train
5947,train
5948,train
5949,test
5950,train
5951,train
5952,train
5953,train
5954,train
5955,train
5956,train
5957,train
5958,train
5959,test
5960,train
5961,train
5962,train
5963,train
5964,train
5965,train
5966,train
5967,train
5968,test
5969,train
5970,train
5971,train
5972,train
5973,train
5974,train
5975,test
5976,train
5977,train
5978,train
5979,train
5980,train
5981,train
5982,train
5983,train
5984,train
5985,train
5986,train
5987,test
5988,train
5989,test
5990,train
5991,train
5992,train
5993,train
5994,train
5995,train
5996,train
5997,train
5998,train
5999,train
6000,test
6001,train
6002,train
6003,train
6004,train
6005,test
6006,train
6007,train
6008,test
6009,train
6010,train
6011,train
6012,train
6013,train
6014,train
6015,train
6016,train
6017,train
6018,train
6019,train
6020,train
6021,train
6022,train
6023,train
6024,train
6025,train
6026,train
6027,train
6028,train
6029,train
6030,train
6031,train
6032,train
6033,train
6034,train
6035,train
6036,train
6037,train
6038,train
6039,train
6040,train
6041,train
6042,train
6043,train
6044,test
6045,train
6046,train
6047,train
6048,train
6049,test
6050,test
6051,train
6052,train
6053,train
6054,train
6055,train
6056,train
6057,train
6058,train
6059,train
6060,test
6061,train
6062,test
6063,train
6064,train
6065,train
6066,train
6067,train
6068,train
6069,train
6070,train
6071,test
6072,test
6073,test
6074,test
6075,train
6076,train
6077,train
6078,test
6079,test
6080,train
6081,train
6082,test
6083,train
6084,test
6085,train
6086,train
6087,train
6088,test
6089,train
6090,train
6091,train
6092,train
6093,test
6094,test
6095,train
6096,train
6097,train
6098,train
6099,train
6100,train
6101,test
6102,test
6103,train
6104,train
6105,test
6106,train
6107,test
6108,train
6109,train
6110,train
6111,train
6112,train
6113,train
6114,test
6115,train
6116,train
6117,test
6118,train
6119,train
6120,train
6121,train
6122,test
6123,train
6124,train
6125,test
6126,train
6127,train
6128,train
6129,train
6130,train
6131,train
6132,train
6133,train
6134,test
6135,test
6136,train
6137,train
6138,test
6139,train
6140,train
6141,train
6142,train
6143,test
6144,train
6145,train
6146,train
6147,train
6148,train
6149,train
6150,train
6151,train
6152,test
6153,train
6154,test
6155,train
6156,train
6157,train
6158,test
6159,train
6160,train
6161,test
6162,train
6163,train
6164,test
6165,train
6166,train
6167,train
6168,train
6169,train
6170,train
6171,train
